{"count":12,"results":[{"id":14,"type":"challenge","location":"d36495d1780856b4e27e6f715216afac/flag.wav","challenge_id":22,"page_id":null},{"id":17,"type":"challenge","location":"670dfa19c95cd85e6f8367084767fb91/Encrypted_Image-Downloads.zip","challenge_id":2,"page_id":null},{"id":18,"type":"challenge","location":"66f006953ffaa30ed538cc056ca17304/EncryptionnoitpyrcnE-cipher.bin","challenge_id":1,"page_id":null},{"id":19,"type":"challenge","location":"5afb725812eb86a6693e6271a7d41025/GPG_Encryption-Archive.zip","challenge_id":4,"page_id":null},{"id":20,"type":"challenge","location":"78bc054a21ee9c8049f3c75b3acd2271/How_do_I_read_a_bin_file-out1.bin","challenge_id":5,"page_id":null},{"id":21,"type":"challenge","location":"370d1f175dcf3ee2084346c65da6479d/noisy_flag-flag.wav","challenge_id":20,"page_id":null},{"id":22,"type":"challenge","location":"0639300c623fbc75c3f71fd7f74bedfc/Ok_Google_whats_TCP-ok_google.pcapng","challenge_id":8,"page_id":null},{"id":23,"type":"challenge","location":"87358bb0870604795033a382f83e5d05/Shark_on_a_Wire-shark_on_the_wire.pcapng","challenge_id":7,"page_id":null},{"id":24,"type":"challenge","location":"8440d6414fe4d69e8737bae3d9bd082c/sum_more_stuff_to_do-Archive.zip","challenge_id":6,"page_id":null},{"id":25,"type":"challenge","location":"488cf5e00856cf44dbc31e9a0a6d9134/Theres_an_error_in_my_image-index.html","challenge_id":12,"page_id":null},{"id":26,"type":"challenge","location":"86c55dfd21358c83131db9f22444276c/too-much-flow-Archive.zip","challenge_id":15,"page_id":null},{"id":27,"type":"challenge","location":"8ea0eff5a91c46400a422ca9c1d57f63/What_did_I_look_up-dig.pcapng","challenge_id":9,"page_id":null}],"meta":{}}