{"count":4,"results":[{"id":1,"name":"What did I look up?","description":"I made a DNS query. As the flag for this challenge, please enter in order, separated by underscores:  the IP address returned by the DNS lookup, the second level domain of the DNS lookup, and the ip address of the DNS server used for this query. ","max_attempts":0,"value":10,"category":"DNS","type":"standard","state":"hidden","requirements":null,"connection_info":null,"next_id":null},{"id":2,"name":"There's an error in my image","description":"I have attached my super secure webpage. Please load it in your browser and use XSS in the super secure comment section to print the flag to the console using the flag() javascript method.","max_attempts":0,"value":10,"category":"XSS","type":"standard","state":"hidden","requirements":null,"connection_info":null,"next_id":null},{"id":3,"name":"To Do: Find the Flag (Easy)","description":"A company is testing out their new web based to-do list application, and is soliciting feedback from users to find issues. Use a web browser to connect to the application and take it for a spin. The company knows you're busy, but is hopeful that you will add 'finding the flag' to your to-do list! Connect via [https://server-ip:50443](https://server-ip:50443)","max_attempts":0,"value":10,"category":"SQL","type":"standard","state":"hidden","requirements":null,"connection_info":null,"next_id":null},{"id":4,"name":"To Do: Find the Flag (Difficult)","description":"A company is testing out their new web based to-do list application, and is soliciting feedback from users to find issues. Use a web browser to connect to the application and take it for a spin. The company knows you're busy, but is hopeful that you will add 'finding the flag' to your to-do list! Connect via [https://<server-ip>:60443](https://<server-ip>:60443)","max_attempts":0,"value":10,"category":"SQL","type":"standard","state":"hidden","requirements":null,"connection_info":null,"next_id":null}],"meta":{}}