{"count":10,"results":[{"id":1,"type":"challenge","location":"70ea90c6adee9a27760adc1128777f6c/cipher.bin","challenge_id":2,"page_id":null},{"id":4,"type":"challenge","location":"a5f78cae8f14504e57ebf47fc5ab700c/out1.bin","challenge_id":6,"page_id":null},{"id":6,"type":"challenge","location":"d35d106903e07025bc5ebb23729319a4/shark_on_the_wire.pcapng","challenge_id":8,"page_id":null},{"id":7,"type":"challenge","location":"04634e731f6c80f61f60ec1bd85b11e3/ok_google.pcapng","challenge_id":9,"page_id":null},{"id":8,"type":"challenge","location":"e4c00ddfefc9fdf73055742adb1748cc/dig.pcapng","challenge_id":10,"page_id":null},{"id":9,"type":"challenge","location":"afa53f96e7102119839a25b1248a1cdf/index.html","challenge_id":13,"page_id":null},{"id":10,"type":"challenge","location":"103e779305fd52574eb413f4197205f8/Archive.zip","challenge_id":5,"page_id":null},{"id":11,"type":"challenge","location":"af0097bb535d0ad782fb0bacc817bb73/Archive.zip","challenge_id":7,"page_id":null},{"id":13,"type":"challenge","location":"0b718848387ace0ad1ab6276930ae201/Archive.zip","challenge_id":16,"page_id":null},{"id":14,"type":"challenge","location":"d36495d1780856b4e27e6f715216afac/flag.wav","challenge_id":22,"page_id":null}],"meta":{}}