{"count":4,"results":[{"id":39,"type":"challenge","location":"169d5245227ba140e839f3d02a8481e0/Theres_an_error_in_my_image.7z","challenge_id":12,"page_id":null},{"id":41,"type":"challenge","location":"8d612c8ec211009b521e65b8b2ca00fc/What_did_I_look_up.7z","challenge_id":9,"page_id":null},{"id":42,"type":"challenge","location":"7d2d37f0d707b58a483234938794634c/What_did_I_look_up.7z","challenge_id":1,"page_id":null},{"id":43,"type":"challenge","location":"901726bf5331724499baa7bd3cba47d5/Theres_an_error_in_my_image.7z","challenge_id":2,"page_id":null}],"meta":{}}