{"count":2,"results":[{"id":10,"name":"What did I look up?","description":"I made a DNS query. As the flag for this challenge, please enter in order, separated by underscores:  the IP address returned by the DNS lookup, the second level domain of the DNS lookup, and the ip address of the DNS server used for this query. ","max_attempts":0,"value":10,"category":"DNS","type":"standard","state":"hidden","requirements":null,"connection_info":null,"next_id":null},{"id":13,"name":"There's an error in my image","description":"I have attached my super secure webpage. Please load it in your browser and use XSS in the super secure comment section to print the flag to the console using the flag() javascript method.","max_attempts":0,"value":10,"category":"XSS","type":"standard","state":"hidden","requirements":null,"connection_info":null,"next_id":null}],"meta":{}}