{"count":7,"results":[{"id":11,"name":"taking root","description":"What line should I add to the end of my /etc/passwd file to accomplish the following? I want to add a new user called seedroot to my system that has root privileges but opens to the seed home directory (the same one that the normal seed user opens to). The user should have no password (just press enter when prompted).  Also, the fifth field should have the same name as the user with id=1. ","max_attempts":0,"value":10,"category":"Race Conditions","type":"standard","state":"hidden","requirements":null,"connection_info":null,"next_id":null},{"id":12,"name":"Symlinks","description":"I'm trying to prank my friend by creating a symlink that links /tmp/myfriend to /tmp/me to steal his files.  What command should I use  in the linux command line so that I successfully pull off my prank, even if a link already exists? ","max_attempts":0,"value":10,"category":"Race Conditions","type":"standard","state":"hidden","requirements":null,"connection_info":null,"next_id":null},{"id":14,"name":"I go by netcow now...","description":"Can you cat the flag? I mean, can you cow the flag?\r\n\r\n","max_attempts":0,"value":20,"category":"Linux","type":"standard","state":"hidden","requirements":null,"connection_info":"nc bearshell.dhcp.wustl.edu 3000","next_id":null},{"id":15,"name":"Where's WALD0","description":"Can you find WALD0? Then you will need 2_find_something_to_underscore_your_progress. \r\n\r\n","max_attempts":0,"value":20,"category":"Linux","type":"standard","state":"hidden","requirements":null,"connection_info":"ssh user1@bearshell.dhcp.wustl.edu -p 3001  the password is: find32","next_id":null},{"id":16,"name":"too-much-flow","description":"Can you call the flag function?","max_attempts":0,"value":50,"category":"Buffer Overflow","type":"standard","state":"hidden","requirements":null,"connection_info":"nc bearshell.dhcp.wustl.edu 3002","next_id":null},{"id":20,"name":"Minion Hide and Seek","description":"The minions are hiding the flag from me :(\r\n\r\nAlso I think they split it in half.\r\n\r\nThey are tricky so don't trust what you see!\r\n\r\nhttps://drive.google.com/file/d/1ZErb4crbDzowpwde85Pj6tgLqBW2qdWz/view?usp=sharing","max_attempts":0,"value":30,"category":"Steganography","type":"standard","state":"hidden","requirements":null,"connection_info":null,"next_id":null},{"id":22,"name":"noisy flag","description":"Someone made my flag into a sound file. Can you get it back?","max_attempts":0,"value":20,"category":"Steganography","type":"standard","state":"hidden","requirements":null,"connection_info":null,"next_id":null}],"meta":{}}