{"count":7,"results":[{"id":13,"challenge_id":11,"type":"static","content":"seedroot:U6aMy0wojraho:0:0:daemon:/home/seed:/bin/bash","data":""},{"id":14,"challenge_id":12,"type":"static","content":"ln -sf /tmp/me /tmp/myfriend","data":""},{"id":16,"challenge_id":14,"type":"static","content":"M0o0_im_4_C0W_jk","data":""},{"id":17,"challenge_id":15,"type":"static","content":"red_and_white_str1p3s","data":""},{"id":18,"challenge_id":16,"type":"static","content":"pr4ct1c3_s4f3_st4ck5","data":""},{"id":22,"challenge_id":20,"type":"static","content":"stegosaurus_and_gru_r_friends!","data":""},{"id":24,"challenge_id":22,"type":"static","content":"smile_and_wav_boys","data":""}],"meta":{}}