{"count":9,"results":[{"id":1,"name":"I Go By Netcow Now","description":"Can you cat the flag? I mean, can you cow the flag? Connect via 'nc <server-ip> 3000'","max_attempts":0,"value":20,"category":"Linux","type":"standard","state":"hidden","requirements":null,"connection_info":null,"next_id":null},{"id":2,"name":"Minion Hide And Seek","description":"The minions are hiding the flag from me :( Also I think they split it in half. They are tricky so don't trust what you see!","max_attempts":0,"value":30,"category":"Steganography","type":"standard","state":"hidden","requirements":null,"connection_info":null,"next_id":null},{"id":3,"name":"Noisy Flag","description":"Someone made my flag into a sound file. Can you get it back?","max_attempts":0,"value":20,"category":"Steganography","type":"standard","state":"hidden","requirements":null,"connection_info":null,"next_id":null},{"id":4,"name":"Symlinks","description":"I'm trying to prank my friend by creating a symlink that links /tmp/myfriend to /tmp/me to steal his files.  What command should I use  in the linux command line so that I successfully pull off my prank, even if a link already exists?","max_attempts":0,"value":10,"category":"Race Conditions","type":"standard","state":"hidden","requirements":null,"connection_info":null,"next_id":null},{"id":5,"name":"Taking Root","description":"What line should I add to the end of my /etc/passwd file to accomplish the following? I want to add a new user called seedroot to my system that has root privileges but opens to the seed home directory (the same one that the normal seed user opens to). The user should have no password (just press enter when prompted).  Also, the fifth field should have the same name as the user with id=1.","max_attempts":0,"value":10,"category":"Race Conditions","type":"standard","state":"hidden","requirements":null,"connection_info":null,"next_id":null},{"id":6,"name":"Too-Much-Flow","description":"Can you call the flag function? Connect via 'nc <server-ip> 3002'","max_attempts":0,"value":50,"category":"Buffer Overflow","type":"standard","state":"hidden","requirements":null,"connection_info":null,"next_id":null},{"id":7,"name":"Where's WALD0","description":"Can you find WALD0? Then you will need 2_find_something_to_underscore_your_progress. Connect via 'ssh <server-ip> -p 3001 -l user1'","max_attempts":0,"value":20,"category":"Linux","type":"standard","state":"hidden","requirements":null,"connection_info":null,"next_id":null},{"id":8,"name":"Return to Libc (Easy)","description":"When ASLR is away, the bad C programs come to play! Connect via `$ ssh <server-ip> -p <specified-port> -l seed'","max_attempts":0,"value":10,"category":"Buffer Overflow","type":"standard","state":"hidden","requirements":null,"connection_info":null,"next_id":null},{"id":9,"name":"Return to Libc (Hard)","description":"When ASLR is away, the bad C programs come to play! Connect via `$ ssh <server-ip> -p <specified-port> -l seed'","max_attempts":0,"value":10,"category":"Buffer Overflow","type":"standard","state":"hidden","requirements":null,"connection_info":null,"next_id":null}],"meta":{}}
