{"count":2,"results":[{"id":1,"name":"Do-it-yourself crypto!","description":"I did my own new super secure crypto. You will never be able to decrypt it hahahahhahahahah.","max_attempts":0,"value":50,"category":"Encryption","type":"standard","state":"hidden","requirements":null,"connection_info":null,"next_id":null},{"id":2,"name":"Egg","description":"I forgot my password :(","max_attempts":0,"value":20,"category":"Encryption","type":"standard","state":"hidden","requirements":null,"connection_info":null,"next_id":null}],"meta":{}}