{"count":7,"results":[{"id":1,"type":"challenge","location":"f018dd6be448387075e6e51659c688b7/challenge_files-Do_It_Yourself_Crypto.7z","challenge_id":1,"page_id":null},{"id":2,"type":"challenge","location":"d563bf2922b9f1e6bc1c4e609f5937fc/challenge_files-Egg.7z","challenge_id":2,"page_id":null},{"id":3,"type":"challenge","location":"429cdd8554907cd7aaab013b8c2f98bc/challenge_files-Encrypted_Image.7z","challenge_id":3,"page_id":null},{"id":4,"type":"challenge","location":"abb97c346128507e1368864c73f8d418/challenge_files-GPG_Encryption.7z","challenge_id":5,"page_id":null},{"id":5,"type":"challenge","location":"ef6d53b320c4a656e5d001ac0c8ae966/challenge_files-How_do_I_read_a_bin_file.7z","challenge_id":6,"page_id":null},{"id":6,"type":"challenge","location":"ceac82a79e0d9c1c776b4891d8d1da4e/challenge_files-Sum_More_Stuff_To_Do.7z","challenge_id":8,"page_id":null},{"id":7,"type":"challenge","location":"a214e9675a27c45894b25650d6abfb44/challenge_files-EncryptionnoitpyrcnE.7z","challenge_id":4,"page_id":null}],"meta":{}}