{"count":4,"results":[{"id":2,"name":"EncryptionnoitpyrcnE","description":"Can you decipher this file for me? I found a key nearby with 13 rotting apples and this message: qrnqorrsqrnqorrsnopq1234. For some reason there were also 17 pieces of pi. The situation is getting out of hand. Your only hint is:  aes-128-cbc. Good luck!","max_attempts":0,"value":10,"category":"Encryption","type":"standard","state":"hidden","requirements":null,"connection_info":null,"next_id":null},{"id":3,"name":"Encrypted Image","description":"I found this old encrypted image file of my password that I encrypted using ECB a while ago, but I don't remember the keys. I was only able to recover the header of the original file. Can you figure out what my password is?","max_attempts":0,"value":10,"category":"Encryption","type":"standard","state":"hidden","requirements":null,"connection_info":null,"next_id":null},{"id":17,"name":"Do-it-yourself crypto!","description":"I did my own new super secure crypto. You will never be able to decrypt it hahahahhahahahah.\r\n\r\nhttps://drive.google.com/file/d/1ZmN4D7KWMztPezSgXSKctgsE5Y_7TqWg/view?usp=sharing","max_attempts":0,"value":50,"category":"Encryption","type":"standard","state":"hidden","requirements":null,"connection_info":null,"next_id":null},{"id":19,"name":"Egg","description":"I forgot my password :( https://drive.google.com/file/d/1lSUFAXLcM99mffV5yy1QidqUJRzwvPS0/view?usp=sharing","max_attempts":0,"value":20,"category":"Encryption","type":"standard","state":"hidden","requirements":null,"connection_info":null,"next_id":null}],"meta":{}}