{"count":8,"results":[{"id":2,"name":"EncryptionnoitpyrcnE","description":"Can you decipher this file for me? I found a key nearby with 13 rotting apples and this message: qrnqorrsqrnqorrsnopq1234. For some reason there were also 17 pieces of pi. The situation is getting out of hand. Your only hint is:  aes-128-cbc. Good luck!","max_attempts":0,"value":10,"category":"Encryption","type":"standard","state":"hidden","requirements":null,"connection_info":null,"next_id":null},{"id":3,"name":"Encrypted Image","description":"I found this old encrypted image file of my password that I encrypted using ECB a while ago, but I don't remember the keys. I was only able to recover the header of the original file. Can you figure out what my password is?","max_attempts":0,"value":10,"category":"Encryption","type":"standard","state":"hidden","requirements":null,"connection_info":null,"next_id":null},{"id":4,"name":"Key Submission","description":"Please submit the key you got for Task 2 of the PRNG SEED Lab here.","max_attempts":0,"value":10,"category":"PRNG","type":"standard","state":"hidden","requirements":null,"connection_info":null,"next_id":null},{"id":5,"name":"GPG Encryption","description":"Please encrypt the flag.txt file using the given public key, and don't sign it. The email associated with the key is user@example.com. For flag submission, please submit the first 10 characters after the PGP header of the resulting \".asc\" file. ","max_attempts":0,"value":20,"category":"GPG","type":"standard","state":"hidden","requirements":null,"connection_info":null,"next_id":null},{"id":6,"name":"How do I read a .bin file?","description":"Achoo! I sneezed.","max_attempts":0,"value":10,"category":"MD5","type":"standard","state":"hidden","requirements":null,"connection_info":null,"next_id":null},{"id":7,"name":"sum more stuff to do","description":"I want to make a new hash but my files have the same one. Somebody told me to add a suffix but I failed English. Can you help me out? Just submit the new hash as the flag.","max_attempts":0,"value":10,"category":"MD5","type":"standard","state":"hidden","requirements":null,"connection_info":null,"next_id":null},{"id":17,"name":"Do-it-yourself crypto!","description":"I did my own new super secure crypto. You will never be able to decrypt it hahahahhahahahah.\r\n\r\nhttps://drive.google.com/file/d/1ZmN4D7KWMztPezSgXSKctgsE5Y_7TqWg/view?usp=sharing","max_attempts":0,"value":50,"category":"Encryption","type":"standard","state":"hidden","requirements":null,"connection_info":null,"next_id":null},{"id":19,"name":"Egg","description":"I forgot my password :( https://drive.google.com/file/d/1lSUFAXLcM99mffV5yy1QidqUJRzwvPS0/view?usp=sharing","max_attempts":0,"value":20,"category":"Encryption","type":"standard","state":"hidden","requirements":null,"connection_info":null,"next_id":null}],"meta":{}}