{"count":5,"results":[{"id":1,"type":"challenge","location":"70ea90c6adee9a27760adc1128777f6c/cipher.bin","challenge_id":2,"page_id":null},{"id":2,"type":"challenge","location":"58dd5aef8a75fe295130de9101b6867d/Downloads.zip","challenge_id":3,"page_id":null},{"id":4,"type":"challenge","location":"a5f78cae8f14504e57ebf47fc5ab700c/out1.bin","challenge_id":6,"page_id":null},{"id":10,"type":"challenge","location":"103e779305fd52574eb413f4197205f8/Archive.zip","challenge_id":5,"page_id":null},{"id":11,"type":"challenge","location":"af0097bb535d0ad782fb0bacc817bb73/Archive.zip","challenge_id":7,"page_id":null}],"meta":{}}