{"count":10,"results":[{"id":2,"challenge_id":2,"type":"static","content":"3NcRyPt3D","data":""},{"id":3,"challenge_id":3,"type":"static","content":"iLov3433","data":""},{"id":4,"challenge_id":3,"type":"static","content":"pa55word2","data":""},{"id":5,"challenge_id":4,"type":"static","content":"95fa2030e73ed3f8da761b4eb805dfd7","data":""},{"id":6,"challenge_id":5,"type":"static","content":"hQGMAwhJOS","data":""},{"id":7,"challenge_id":6,"type":"static","content":"BL3SSYOU;)","data":""},{"id":8,"challenge_id":6,"type":"static","content":"BL3SSYOU","data":""},{"id":9,"challenge_id":7,"type":"static","content":"4d5979035a88fd9bd84b8c8b11ee7894","data":""},{"id":19,"challenge_id":17,"type":"static","content":"EBC=BAD","data":""},{"id":21,"challenge_id":19,"type":"static","content":"k1k_th3_d00r_d0wn","data":""}],"meta":{}}