{"count":20,"results":[{"id":2,"name":"EncryptionnoitpyrcnE","description":"Can you decipher this file for me? I found a key nearby with 13 rotting apples and this message: qrnqorrsqrnqorrsnopq1234. For some reason there were also 17 pieces of pi. The situation is getting out of hand. Your only hint is:  aes-128-cbc. Good luck!","max_attempts":0,"value":10,"category":"Encryption","type":"standard","state":"hidden","requirements":null,"connection_info":null},{"id":3,"name":"Encrypted Image","description":"I found this old encrypted image file of my password that I encrypted using ECB a while ago, but I don't remember the keys. I was only able to recover the header of the original file. Can you figure out what my password is?","max_attempts":0,"value":10,"category":"Encryption","type":"standard","state":"hidden","requirements":null,"connection_info":null},{"id":4,"name":"Key Submission","description":"Please submit the key you got for Task 2 of the PRNG SEED Lab here.","max_attempts":0,"value":10,"category":"PRNG","type":"standard","state":"hidden","requirements":null,"connection_info":null},{"id":5,"name":"GPG Encryption","description":"Please encrypt the flag.txt file using the given public key, and don't sign it. The email associated with the key is user@example.com. For flag submission, please submit the first 10 characters after the PGP header of the resulting \".asc\" file. ","max_attempts":0,"value":20,"category":"GPG","type":"standard","state":"hidden","requirements":null,"connection_info":null},{"id":6,"name":"How do I read a .bin file?","description":"Achoo! I sneezed.","max_attempts":0,"value":10,"category":"MD5","type":"standard","state":"hidden","requirements":null,"connection_info":null},{"id":7,"name":"sum more stuff to do","description":"I want to make a new hash but my files have the same one. Somebody told me to add a suffix but I failed English. Can you help me out? Just submit the new hash as the flag.","max_attempts":0,"value":10,"category":"MD5","type":"standard","state":"hidden","requirements":null,"connection_info":null},{"id":8,"name":"Shark on a Wire","description":"I was just trying to get to my favorite website but I think someone sniffed me out.","max_attempts":0,"value":10,"category":"Networking","type":"standard","state":"hidden","requirements":null,"connection_info":null},{"id":9,"name":"Ok Google, what's TCP?","description":"As the submission for this flag, please enter the following, in order, separated by underscores: the packet number of the TCP reset packet, the Ack number of the TCP reset packet, and the packet numbers of the TCP handshake (individually separated by underscores).","max_attempts":0,"value":10,"category":"TCP","type":"standard","state":"hidden","requirements":null,"connection_info":null},{"id":10,"name":"What did I look up?","description":"I made a DNS query. As the flag for this challenge, please enter in order, separated by underscores:  the IP address returned by the DNS lookup, the second level domain of the DNS lookup, and the ip address of the DNS server used for this query. ","max_attempts":0,"value":10,"category":"DNS","type":"standard","state":"hidden","requirements":null,"connection_info":null},{"id":11,"name":"taking root","description":"What line should I add to the end of my /etc/passwd file to accomplish the following? I want to add a new user called seedroot to my system that has root privileges but opens to the seed home directory (the same one that the normal seed user opens to). The user should have no password (just press enter when prompted).  Also, the fifth field should have the same name as the user with id=1. ","max_attempts":0,"value":10,"category":"Race Conditions","type":"standard","state":"hidden","requirements":null,"connection_info":null},{"id":12,"name":"Symlinks","description":"I'm trying to prank my friend by creating a symlink that links /tmp/myfriend to /tmp/me to steal his files.  What command should I use  in the linux command line so that I successfully pull off my prank, even if a link already exists? ","max_attempts":0,"value":10,"category":"Race Conditions","type":"standard","state":"hidden","requirements":null,"connection_info":null},{"id":13,"name":"There's an error in my image","description":"I have attached my super secure webpage. Please load it in your browser and use XSS in the super secure comment section to print the flag to the console using the flag() javascript method.","max_attempts":0,"value":10,"category":"XSS","type":"standard","state":"hidden","requirements":null,"connection_info":null},{"id":14,"name":"I go by netcow now...","description":"Can you cat the flag? I mean, can you cow the flag?\r\n\r\n","max_attempts":0,"value":20,"category":"Linux","type":"standard","state":"hidden","requirements":null,"connection_info":"nc bearshell.dhcp.wustl.edu 3000"},{"id":15,"name":"Where's WALD0","description":"Can you find WALD0? Then you will need 2_find_something_to_underscore_your_progress. \r\n\r\n","max_attempts":0,"value":20,"category":"Linux","type":"standard","state":"hidden","requirements":null,"connection_info":"ssh user1@bearshell.dhcp.wustl.edu -p 3001  the password is: find32"},{"id":16,"name":"too-much-flow","description":"Can you call the flag function?","max_attempts":0,"value":50,"category":"Buffer Overflow","type":"standard","state":"hidden","requirements":null,"connection_info":"nc bearshell.dhcp.wustl.edu 3002"},{"id":17,"name":"Do-it-yourself crypto!","description":"I did my own new super secure crypto. You will never be able to decrypt it hahahahhahahahah.\r\n\r\nhttps://drive.google.com/file/d/1ZmN4D7KWMztPezSgXSKctgsE5Y_7TqWg/view?usp=sharing","max_attempts":0,"value":50,"category":"Encryption","type":"standard","state":"hidden","requirements":null,"connection_info":null},{"id":18,"name":"You'll never find me in this ocean","description":"You'll never find the flag, but it is in the format flag{XXXXXX}. You won't find it though.\r\n\r\nhttps://drive.google.com/file/d/1CHuPqf6n7UIScf3QhnAQuaMSGgIf2j_p/view?usp=sharing ","max_attempts":0,"value":20,"category":"Networking","type":"standard","state":"hidden","requirements":null,"connection_info":null},{"id":19,"name":"Egg","description":"I forgot my password :( https://drive.google.com/file/d/1lSUFAXLcM99mffV5yy1QidqUJRzwvPS0/view?usp=sharing","max_attempts":0,"value":20,"category":"Encryption","type":"standard","state":"hidden","requirements":null,"connection_info":null},{"id":20,"name":"Minion Hide and Seek","description":"The minions are hiding the flag from me :(\r\n\r\nAlso I think they split it in half.\r\n\r\nThey are tricky so don't trust what you see!\r\n\r\nhttps://drive.google.com/file/d/1ZErb4crbDzowpwde85Pj6tgLqBW2qdWz/view?usp=sharing","max_attempts":0,"value":30,"category":"Steganography","type":"standard","state":"hidden","requirements":null,"connection_info":null},{"id":22,"name":"noisy flag","description":"Someone made my flag into a sound file. Can you get it back?","max_attempts":0,"value":20,"category":"Steganography","type":"standard","state":"hidden","requirements":null,"connection_info":null}],"meta":{}}