{"count":22,"results":[{"id":1,"name":"Do-it-yourself crypto!","description":"I did my own new super secure crypto. You will never be able to decrypt it hahahahhahahahah.","max_attempts":0,"value":50,"category":"Encryption","type":"standard","state":"hidden","requirements":null,"connection_info":null,"next_id":null},{"id":2,"name":"Egg","description":"I forgot my password :(","max_attempts":0,"value":20,"category":"Encryption","type":"standard","state":"hidden","requirements":null,"connection_info":null,"next_id":null},{"id":3,"name":"Encrypted Image","description":"I found this old encrypted image file of my password that I encrypted using ECB a while ago, but I don't remember the keys. I was only able to recover the header of the original file. Can you figure out what my password is?","max_attempts":0,"value":10,"category":"Encryption","type":"standard","state":"hidden","requirements":null,"connection_info":null,"next_id":null},{"id":4,"name":"EncryptionnoitpyrcnE","description":"Can you decipher this file for me? I found a key nearby with 13 rotting apples and this message: qrnqorrsqrnqorrsnopq1234. For some reason there were also 17 pieces of pi. The situation is getting out of hand. Your only hint is:  aes-128-cbc. Good luck!","max_attempts":0,"value":10,"category":"Encryption","type":"standard","state":"hidden","requirements":null,"connection_info":null,"next_id":null},{"id":5,"name":"GPG Encryption","description":"Please encrypt the flag.txt file using the given public key, and don't sign it. The email associated with the key is user@example.com. For flag submission, please submit the first 10 characters after the PGP header of the resulting '.asc' file.","max_attempts":0,"value":20,"category":"GPG","type":"standard","state":"hidden","requirements":null,"connection_info":null,"next_id":null},{"id":6,"name":"How do I read a .bin file?","description":"Achoo! I sneezed.","max_attempts":0,"value":10,"category":"MD5","type":"standard","state":"hidden","requirements":null,"connection_info":null,"next_id":null},{"id":7,"name":"Key Submission","description":"Please submit the key you got for Task 2 of the PRNG SEED Lab here.","max_attempts":0,"value":10,"category":"PRNG","type":"standard","state":"hidden","requirements":null,"connection_info":null,"next_id":null},{"id":8,"name":"Sum More Stuff To Do","description":"I want to make a new hash but my files have the same one. Somebody told me to add a suffix but I failed English. Can you help me out? Just submit the new hash as the flag.","max_attempts":0,"value":10,"category":"MD5","type":"standard","state":"hidden","requirements":null,"connection_info":null,"next_id":null},{"id":9,"name":"Ok Google, what's TCP?","description":"As the submission for this flag, please enter the following, in order, separated by underscores: the packet number of the TCP reset packet, the Ack number of the TCP reset packet, and the packet numbers of the TCP handshake (individually separated by underscores).","max_attempts":0,"value":10,"category":"TCP","type":"standard","state":"hidden","requirements":null,"connection_info":null,"next_id":null},{"id":10,"name":"Shark On A Wire","description":"I was just trying to get to my favorite website but I think someone sniffed me out.","max_attempts":0,"value":10,"category":"Networking","type":"standard","state":"hidden","requirements":null,"connection_info":null,"next_id":null},{"id":11,"name":"You'll Never Find Me In This Ocean","description":"You'll never find the flag, but it is in the format flag{XXXXXX}. You won't find it though.","max_attempts":0,"value":20,"category":"Networking","type":"standard","state":"hidden","requirements":null,"connection_info":null,"next_id":null},{"id":12,"name":"I Go By Netcow Now","description":"Can you cat the flag? I mean, can you cow the flag? Connect via 'nc <server-ip> 3000","max_attempts":0,"value":20,"category":"Linux","type":"standard","state":"hidden","requirements":null,"connection_info":null,"next_id":null},{"id":13,"name":"Minion Hide And Seek","description":"The minions are hiding the flag from me :( Also I think they split it in half. They are tricky so don't trust what you see!","max_attempts":0,"value":30,"category":"Steganography","type":"standard","state":"hidden","requirements":null,"connection_info":null,"next_id":null},{"id":14,"name":"Noisy Flag","description":"Someone made my flag into a sound file. Can you get it back?","max_attempts":0,"value":20,"category":"Steganography","type":"standard","state":"hidden","requirements":null,"connection_info":null,"next_id":null},{"id":15,"name":"Symlinks","description":"I'm trying to prank my friend by creating a symlink that links /tmp/myfriend to /tmp/me to steal his files.  What command should I use  in the linux command line so that I successfully pull off my prank, even if a link already exists?","max_attempts":0,"value":10,"category":"Race Conditions","type":"standard","state":"hidden","requirements":null,"connection_info":null,"next_id":null},{"id":16,"name":"Taking Root","description":"What line should I add to the end of my /etc/passwd file to accomplish the following? I want to add a new user called seedroot to my system that has root privileges but opens to the seed home directory (the same one that the normal seed user opens to). The user should have no password (just press enter when prompted).  Also, the fifth field should have the same name as the user with id=1.","max_attempts":0,"value":10,"category":"Race Conditions","type":"standard","state":"hidden","requirements":null,"connection_info":null,"next_id":null},{"id":17,"name":"Too-Much-Flow","description":"Can you call the flag function?","max_attempts":0,"value":50,"category":"Buffer Overflow","type":"standard","state":"hidden","requirements":null,"connection_info":null,"next_id":null},{"id":18,"name":"Where's WALD0","description":"Can you find WALD0? Then you will need 2_find_something_to_underscore_your_progress. Connect via 'ssh <server-ip> -p 3001 -l user1'","max_attempts":0,"value":20,"category":"Linux","type":"standard","state":"hidden","requirements":null,"connection_info":null,"next_id":null},{"id":19,"name":"To Do: Find the Flag (Easy)","description":"A company is testing out their new web based to-do list application, and is soliciting feedback from users to find issues. Use a web browser to connect to the application and take it for a spin. The company knows you're busy, but is hopeful that you will add 'finding the flag' to your to-do list! Connect via [https://server-ip:50443](https://server-ip:50443)","max_attempts":0,"value":10,"category":"SQL","type":"standard","state":"hidden","requirements":null,"connection_info":null,"next_id":null},{"id":20,"name":"To Do: Find the Flag (Difficult)","description":"A company is testing out their new web based to-do list application, and is soliciting feedback from users to find issues. Use a web browser to connect to the application and take it for a spin. The company knows you're busy, but is hopeful that you will add 'finding the flag' to your to-do list! Connect via [https://<server-ip>:60443](https://<server-ip>:60443)","max_attempts":0,"value":10,"category":"SQL","type":"standard","state":"hidden","requirements":null,"connection_info":null,"next_id":null},{"id":21,"name":"There's An Error In My Image","description":"I have attached my super secure webpage. Please load it in your browser and use XSS in the super secure comment section to print the flag to the console using the flag() javascript method.","max_attempts":0,"value":10,"category":"XSS","type":"standard","state":"hidden","requirements":null,"connection_info":null,"next_id":null},{"id":22,"name":"What Did I Look Up?","description":"I made a DNS query. As the flag for this challenge, please enter in order, separated by underscores:  the IP address returned by the DNS lookup, the second level domain of the DNS lookup, and the ip address of the DNS server used for this query.","max_attempts":0,"value":10,"category":"DNS","type":"standard","state":"hidden","requirements":null,"connection_info":null,"next_id":null}],"meta":{}}
