{"count":15,"results":[{"id":28,"type":"challenge","location":"c9e052d57cf682cdd725d46d473c69b0/Do_it_yourself_crypto.7z","challenge_id":16,"page_id":null},{"id":29,"type":"challenge","location":"e4265e33efd78c93e33b65f65cbf6e96/Egg.7z","challenge_id":18,"page_id":null},{"id":30,"type":"challenge","location":"a7e370c5612de80d62532edd3d9e375c/Encrypted_Image.7z","challenge_id":2,"page_id":null},{"id":31,"type":"challenge","location":"45faa939f416c5b3b998e42e23b6fee3/EncryptionnoitpyrcnE.7z","challenge_id":1,"page_id":null},{"id":32,"type":"challenge","location":"c169a6e0c83dfc0164f8c3e1a11195df/GPG_Encryption.7z","challenge_id":4,"page_id":null},{"id":33,"type":"challenge","location":"316b05fb6f19e03b94a0c85bd50833d4/How_do_I_read_a_bin_file.7z","challenge_id":5,"page_id":null},{"id":34,"type":"challenge","location":"042ec406640d767623eca1852cd3db4a/Minion_Hide_and_Seek.7z","challenge_id":19,"page_id":null},{"id":35,"type":"challenge","location":"53f1fcf9b082a506ef17164fab8c7de0/noisy_flag.7z","challenge_id":20,"page_id":null},{"id":36,"type":"challenge","location":"96a2b3fd9cfe8ea3a38915da894247ec/Ok_Google_whats_TCP.7z","challenge_id":8,"page_id":null},{"id":37,"type":"challenge","location":"f1aa0f678ca9194518d93c275567414c/Shark_on_a_Wire.7z","challenge_id":7,"page_id":null},{"id":38,"type":"challenge","location":"8d6b61eef1f47db4f1c40c26695d7150/sum_more_stuff_to_do.7z","challenge_id":6,"page_id":null},{"id":39,"type":"challenge","location":"169d5245227ba140e839f3d02a8481e0/Theres_an_error_in_my_image.7z","challenge_id":12,"page_id":null},{"id":40,"type":"challenge","location":"b12fbd13770753a8510ec218876f5965/too_much_flow.7z","challenge_id":15,"page_id":null},{"id":41,"type":"challenge","location":"8d612c8ec211009b521e65b8b2ca00fc/What_did_I_look_up.7z","challenge_id":9,"page_id":null},{"id":42,"type":"challenge","location":"af0ad0d1d5db0b3150bc0208de2fec15/Youll_never_find_me_in_this_ocean.7z","challenge_id":17,"page_id":null}],"meta":{}}