{"count":22,"results":[{"id":1,"challenge_id":1,"type":"static","content":"3NcRyPt3D","data":""},{"id":2,"challenge_id":2,"type":"static","content":"iLov3433","data":""},{"id":3,"challenge_id":3,"type":"static","content":"pa55word2","data":""},{"id":4,"challenge_id":4,"type":"static","content":"95fa2030e73ed3f8da761b4eb805dfd7","data":""},{"id":5,"challenge_id":5,"type":"static","content":"hQGMAwhJOS","data":""},{"id":6,"challenge_id":6,"type":"static","content":"BL3SSYOU;)","data":""},{"id":7,"challenge_id":7,"type":"static","content":"BL3SSYOU","data":""},{"id":8,"challenge_id":8,"type":"static","content":"4d5979035a88fd9bd84b8c8b11ee7894","data":""},{"id":9,"challenge_id":9,"type":"static","content":"pkT_c4ptur3D","data":""},{"id":10,"challenge_id":10,"type":"static","content":"34_5137_5_6_7","data":""},{"id":11,"challenge_id":11,"type":"static","content":"8.8.8.8_google_192.168.1.254","data":""},{"id":12,"challenge_id":12,"type":"static","content":"seedroot:U6aMy0wojraho:0:0:daemon:/home/seed:/bin/bash","data":""},{"id":13,"challenge_id":13,"type":"static","content":"ln -sf /tmp/me /tmp/myfriend","data":""},{"id":14,"challenge_id":14,"type":"static","content":"al3rtISNTthe0nlyWAY","data":""},{"id":15,"challenge_id":15,"type":"static","content":"M0o0_im_4_C0W_jk","data":""},{"id":16,"challenge_id":16,"type":"static","content":"red_and_white_str1p3s","data":""},{"id":17,"challenge_id":17,"type":"static","content":"pr4ct1c3_s4f3_st4ck5","data":""},{"id":18,"challenge_id":18,"type":"static","content":"EBC=BAD","data":""},{"id":19,"challenge_id":19,"type":"static","content":"flag{telnet_is_dangerous}","data":""},{"id":20,"challenge_id":20,"type":"static","content":"k1k_th3_d00r_d0wn","data":""},{"id":22,"challenge_id":22,"type":"static","content":"INj3cteD_by_b@d_sQl","data":null},{"id":23,"challenge_id":23,"type":"static","content":"m1nd_the_SQL_!nj3cti0n","data":null}],"meta":{}}