{"count":3,"results":[{"id":8,"name":"Shark on a Wire","description":"I was just trying to get to my favorite website but I think someone sniffed me out.","max_attempts":0,"value":10,"category":"Networking","type":"standard","state":"hidden","requirements":null,"connection_info":null,"next_id":null},{"id":9,"name":"Ok Google, what's TCP?","description":"As the submission for this flag, please enter the following, in order, separated by underscores: the packet number of the TCP reset packet, the Ack number of the TCP reset packet, and the packet numbers of the TCP handshake (individually separated by underscores).","max_attempts":0,"value":10,"category":"TCP","type":"standard","state":"hidden","requirements":null,"connection_info":null,"next_id":null},{"id":18,"name":"You'll never find me in this ocean","description":"You'll never find the flag, but it is in the format flag{XXXXXX}. You won't find it though.\r\n\r\nhttps://drive.google.com/file/d/1CHuPqf6n7UIScf3QhnAQuaMSGgIf2j_p/view?usp=sharing ","max_attempts":0,"value":20,"category":"Networking","type":"standard","state":"hidden","requirements":null,"connection_info":null,"next_id":null}],"meta":{}}