{"count":3,"results":[{"id":1,"name":"Ok Google, what's TCP?","description":"As the submission for this flag, please enter the following, in order, separated by underscores: the packet number of the TCP reset packet, the Ack number of the TCP reset packet, and the packet numbers of the TCP handshake (individually separated by underscores).","max_attempts":0,"value":10,"category":"TCP","type":"standard","state":"hidden","requirements":null,"connection_info":null,"next_id":null},{"id":2,"name":"Shark On A Wire","description":"I was just trying to get to my favorite website but I think someone sniffed me out.","max_attempts":0,"value":10,"category":"Networking","type":"standard","state":"hidden","requirements":null,"connection_info":null,"next_id":null},{"id":3,"name":"You'll Never Find Me In This Ocean","description":"You'll never find the flag, but it is in the format flag{XXXXXX}. You won't find it though.","max_attempts":0,"value":20,"category":"Networking","type":"standard","state":"hidden","requirements":null,"connection_info":null,"next_id":null}],"meta":{}}